{"spaipad":{"platform":"spaipad","indexjl":"js","appName":"AMII","buildWar":"false","devicemessage":"Unknown Error Occurred <br/> Contact System Admin","deviceexception":"This device is currently not supported","importjsfiles":[],"defaultLocale":"en_US","default_locale":"en_US","locales":"[\"en_US\"]","noscriptmessage":"To use this site, first enable your browser's JavaScript support and then refresh this page.","version":"1.0.0","category":"spaipad/","bgcolor":"#ffffff","enablexfsspa":false,"enablexfs":"false","isDebug":"false","csslist":[],"jslist":[],"enableViewportZooming":false,"webcsslist":[],"webjslist":[],"webheadertags":[]},"spaandroidtablet":{"platform":"spatabandroid","indexjl":"js","appName":"AMII","buildWar":"false","devicemessage":"Unknown Error Occurred <br/> Contact System Admin","deviceexception":"This device is currently not supported","importjsfiles":[],"defaultLocale":"en_US","default_locale":"en_US","locales":"[\"en_US\"]","noscriptmessage":"To use this site, first enable your browser's JavaScript support and then refresh this page.","version":"1.0.0","category":"spaandroidtablet/","bgcolor":"#ffffff","enablexfsspa":false,"enablexfs":"false","isDebug":"false","csslist":[],"jslist":[],"enableViewportZooming":false,"webcsslist":[],"webjslist":[],"webheadertags":[]},"spawindowstablet":{"platform":"spatabwindows","indexjl":"js","appName":"AMII","buildWar":"false","devicemessage":"Unknown Error Occurred <br/> Contact System Admin","deviceexception":"This device is currently not supported","importjsfiles":[],"defaultLocale":"en_US","default_locale":"en_US","locales":"[\"en_US\"]","noscriptmessage":"To use this site, first enable your browser's JavaScript support and then refresh this page.","version":"1.0.0","category":"spawindowstablet/","bgcolor":"#ffffff","enablexfsspa":false,"enablexfs":"false","isDebug":"false","csslist":[],"jslist":[],"enableViewportZooming":false,"webcsslist":[],"webjslist":[],"webheadertags":[]},"appconfig":{"buildoption":"debug","applocales":"en_US","spa":"spaipad,spaandroidtablet,spawindowstablet","appid":"AMII","devicedblookup":"false","smsecure":"","cacheId":"1181940652","cacheUrl":"AMII/1181940652"}}